Categorie;Nom;Adresse;Telephone;Note
coiffeur Lyon;Studio Bellecour;1 Rue Colonel Chambonnet, 69002 Lyon, France;04 78 82 05 81;Aucun site
coiffeur Lyon;Salon Bo.;22 Rue de la Charité, 69002 Lyon, France;04 78 37 67 31;Page Facebook/Instagram uniquement
coiffeur Lyon;Salon de Coiffure 808 - Coiffeur Lyon 7 - Expert Keune;138 Rue de Gerland, 69007 Lyon, France;09 55 28 36 40;Page Facebook/Instagram uniquement
coiffeur Lyon;Garance Lyon ® coiffure homme;9 Rue Bugeaud, 69006 Lyon, France;09 83 27 27 24;Aucun site
coiffeur Lyon;Gentlemen's Barber Shop;73 Quai de Pierre-Scize, 69005 Lyon, France;06 64 34 73 13;Aucun site
boulangerie Lyon;La Maison Du Goût;7 Cr Charlemagne, 69002 Lyon, France;04 78 37 48 35;Page Facebook/Instagram uniquement
boulangerie Lyon;Boulangerie Pâtisserie "L' Atelier Cours Albert Thomas";135 Cr Albert Thomas, 69003 Lyon, France;04 78 54 38 82;Aucun site
boulangerie Lyon;Le Pain des Jacobins;3 Rue de l'Ancienne Préfecture, 69002 Lyon, France;09 54 38 96 23;Page Facebook/Instagram uniquement
boulangerie Lyon;boulangerie henri gay;60 Av. du Point du Jour, 69005 Lyon, France;04 78 25 43 79;Page Facebook/Instagram uniquement
boulangerie Lyon;Boulangerie Pauline et Steve;24 Rue Franklin, 69002 Lyon, France;04 78 37 69 46;Aucun site
boulangerie Lyon;Boulangerie Pâtisserie Millet Part-Dieu;179 Cr Lafayette, 69006 Lyon, France;04 72 37 90 35;Aucun site
boulangerie Lyon;Boulangerie du Parc;38 Rue de Créqui, 69006 Lyon, France;04 78 93 33 81;Aucun site
boulangerie Lyon;Maison Margotin;7 Rue Audibert et Lavirotte, 69008 Lyon, France;09 77 39 53 70;Aucun site
boulangerie Lyon;Boulangerie - Pâtisserie - Traiteur "Elsa Boulangerie";105 Rte de Vienne, 69008 Lyon, France;04 72 71 73 43;Aucun site
boulangerie Lyon;Le Bistrot Boulanger;1 Rue du 24 Mars 1852, 69009 Lyon, France;04 74 70 33 27;Aucun site
boulangerie Lyon;Maison Jacquard;Rue des Capucins, 69001 Lyon, France;04 78 80 70 97;Aucun site
fleuriste Lyon;Coup De Charme;52 Av. du Point du Jour, 69005 Lyon, France;04 72 38 21 03;Aucun site
fleuriste Lyon;Fleuriste Le Liseron;165 Av. Félix Faure, 69003 Lyon, France;04 78 54 17 54;Aucun site
electricien Lyon;Art Electricité - Électricien Lyon;39 Quai Perrache, 69002 Lyon, France;06 09 77 47 17;Aucun site
electricien Lyon;Yusuf Akin - Électricien;105 Rue Commandant Charcot, 69110 Sainte-Foy-lès-Lyon, France;06 78 75 15 56;Aucun site
electricien Lyon;Electricien J Beziat;3 Rue de Nuits, 69004 Lyon, France;06 83 41 38 00;Aucun site
boucherie Lyon;Boucherie Rantet;1 Rue du Plâtre, 69001 Lyon, France;04 78 28 18 82;Aucun site
boucherie Lyon;Boucherie Lambert;53 Rue Garibaldi, 69006 Lyon, France;04 78 89 48 78;Aucun site
boucherie Lyon;Boucherie Djemai;31 Rue Sébastien Gryphe, 69007 Lyon, France;04 78 69 56 78;Aucun site
boucherie Lyon;Boucherie Bressane;4 Pl. Jules Guesde, 69007 Lyon, France;04 72 80 04 30;Aucun site
boucherie Lyon;Boucherie de ste Foy Halal;7 Pl. Saint-Luc, 69110 Sainte-Foy-lès-Lyon, France;04 78 43 62 39;Aucun site
boucherie Lyon;Boucherie François;27 Quai Victor Augagneur, 69003 Lyon, France;04 78 60 99 10;Aucun site
boucherie Lyon;Mon boucher de Craponne;32 Av. Edouard Millaud, 69290 Craponne, France;04 78 56 00 71;Aucun site
boucherie Lyon;Boucherie Fabien Jeandel;20 Rue des Remparts d'Ainay, 69002 Lyon, France;04 78 37 66 57;Aucun site
boucherie Lyon;Boucherie les 2 R - Lyon;7 Rue Vaubecour, 69002 Lyon, France;04 72 31 08 93;Aucun site
boucherie Lyon;Boucherie de La Villette;216 Rue Paul Bert, 69003 Lyon, France;04 69 84 93 53;Aucun site
boucherie Lyon;Boucherie Abdelghani;155 Rue Baraban, 69003 Lyon, France;09 84 08 80 51;Aucun site
boucherie Lyon;Grande Boucherie de la Place du Pont;10 Rue Marignan, 69003 Lyon, France;04 78 60 98 64;Aucun site
menuisier Lyon;Menuiserie Duthoit;32 Av. du 11 Novembre 1918, 69160 Tassin-la-Demi-Lune, France;06 25 48 36 15;Page Facebook/Instagram uniquement
menuisier Lyon;Alexandre Ferrier Artisan Bois;3 Rue Sébastien Gryphe, 69007 Lyon, France;06 34 35 37 12;Aucun site
menuisier Lyon;RAMO - Atelier de menuiserie;189 Rue Léon Blum, 69100 Villeurbanne, France;06 79 54 01 73;Page Facebook/Instagram uniquement
menuisier Lyon;Selbois;6 Bd Jean XXIII, 69008 Lyon, France;07 86 42 18 10;Aucun site
peintre en batiment Lyon;BS Rénovation - Boris Saunier;145 Gd Rue de la Guillotière, 69007 Lyon, France;06 85 73 69 57;Page Facebook/Instagram uniquement
peintre en batiment Lyon;XAVIER PICARD Peinture - Rénovation;15 Rue Bournes, 69004 Lyon, France;06 07 59 98 48;Aucun site
peintre en batiment Lyon;Pettoello Peinture;382 Rue Garibaldi, 69007 Lyon, France;06 61 74 61 08;Aucun site
peintre en batiment Lyon;Entreprise De Peinture;119 Rte de Sain-Bel, 69160 Lyon, France;06 21 82 87 31;Aucun site
peintre en batiment Lyon;NJ déco;Rue Bellievre, 69005 Lyon, France;07 83 10 63 41;Aucun site
serrurier Lyon;Serrurier Lyon IH Services 🔑;64 Rue Waldeck Rousseau, 69006 Lyon, France;06 01 09 33 72;Aucun site
serrurier Lyon;EURL CHARNIN;2 All. de la Palombière, 69160 Tassin-la-Demi-Lune, France;07 82 21 95 71;Page Facebook/Instagram uniquement
serrurier Lyon;Serrurier Lyon - La Clé Perdue;34 Rue Garibaldi, 69006 Lyon, France;07 73 74 10 49;Aucun site
garage automobile Lyon;Auto Lyon Reparation;32 Chem. de Chantegrillet, 69110 Sainte-Foy-lès-Lyon, France;04 72 57 07 86;Aucun site
garage automobile Lyon;Garage Auto Bollier;106 Rue André Bollier, 69007 Lyon, France;04 72 71 86 31;Aucun site
garage automobile Lyon;Garage Gorge de Loup;1 Rue de la Fraternelle, 69009 Lyon, France;09 81 75 25 99;Aucun site
garage automobile Lyon;Garage automobile JURCO;131 Rue Joliot Curie, 69005 Lyon, France;04 78 25 18 85;Aucun site
garage automobile Lyon;GARAGE PIEGAY;9 Rue Duhamel, 69002 Lyon, France;07 76 56 43 11;Aucun site
garage automobile Lyon;EXPRESS AUTO LYON;153 Rue Francis de Pressensé, 69100 Villeurbanne, France;07 56 80 80 95;Aucun site
garage automobile Lyon;Garage St Gilbert;19 Rue Léo et Maurice Trouilhet, 69008 Lyon, France;04 78 01 38 58;Aucun site
garage automobile Lyon;Automobile Vitton;21 Rue Ney, 69006 Lyon, France;04 78 94 38 46;Aucun site
institut de beaute Lyon;M Massage Institute;12 Rue d'Auvergne, 69002 Lyon, France;04 72 04 05 94;Page Facebook/Instagram uniquement
institut de beaute Lyon;Relax-Mood;26 Rue du Doyenné, 69005 Lyon, France;06 88 89 41 74;Page Facebook/Instagram uniquement
salon de tatouage Lyon;Flamingo tattoo club;22 Rue Longue, 69001 Lyon, France;—;Aucun site
salon de tatouage Lyon;Inky Dinky Tattooist Lyon;13 Rue Vaubecour, 69002 Lyon, France;06 51 83 48 32;Page Facebook/Instagram uniquement
salon de tatouage Lyon;Diamond Flash tattoo by Diane;2 Rue d'Algérie, 69001 Lyon, France;09 61 07 62 05;Page Facebook/Instagram uniquement
salon de tatouage Lyon;LYON TATTOO SHOP;64 Rue de la Charité, 69002 Lyon, France;07 87 05 12 40;Page Facebook/Instagram uniquement
salon de tatouage Lyon;BAD GRASS tattoo gallery;5 Rue Vaubecour, 69002 Lyon, France;—;Page Facebook/Instagram uniquement
salon de tatouage Lyon;Biribi Tattoo;66 Rue Sébastien Gryphe, 69007 Lyon, France;04 26 01 11 96;Page Facebook/Instagram uniquement
salon de tatouage Lyon;NorthMoon Tattoo Piercing;10 Rue Lainerie, 69005 Lyon, France;09 86 32 51 67;Page Facebook/Instagram uniquement
salon de tatouage Lyon;Châteaunoir Studio;1 Rue Camille Jordan, 69001 Lyon, France;—;Page Facebook/Instagram uniquement
cordonnerie Lyon;Cordonnerie Evan;90bis Rue Servient, 69003 Lyon, France;04 78 79 84 93;Aucun site
cordonnerie Lyon;Quick Service;AUCHAN Supermarché, 35 Av. Général Brosset Avenue Du, 69160 Tassin-la-Demi-Lune, France;09 53 02 60 88;Aucun site
cordonnerie Lyon;Cordonnerie Rive Gauche;16 Pl. des Pavillons, 69007 Lyon, France;06 63 14 53 07;Aucun site
cordonnerie Lyon;Clés de sécurité & Badges à Lyon | Cordonnerie Saxe-Gambetta;Cr Gambetta, 69007 Lyon, France;04 37 72 70 98;Aucun site
cordonnerie Lyon;Shoe Vieux Lyon;3 Rue Mgr Lavarenne, 69005 Lyon, France;06 51 21 27 33;Aucun site
cordonnerie Lyon;Cordonnerie Artisanale Daniel Meunier;A côté de M. Bricolage, 26bis Av. Edouard Millaud, 69290 Craponne, France;04 81 91 13 55;Aucun site
cordonnerie Lyon;Cordonnerie Du Point Du Jour;69 Av. du Point du Jour, 69005 Lyon, France;04 72 57 08 70;Aucun site
cordonnerie Lyon;Chapus Multiservice;30 Cr Charlemagne, 69002 Lyon, France;04 78 37 88 93;Aucun site
cordonnerie Lyon;Cordonnerie D’ainay;14 Rue Vaubecour, 69002 Lyon, France;—;Aucun site
cordonnerie Lyon;Cordonnerie de Bourgogne;12 Rue de Bourgogne, 69009 Lyon, France;09 53 02 51 66;Aucun site
cordonnerie Lyon;Valmy SERRURIER-Cordonnerie Grande Rue de Vaise LYON 9 PLACE Valmy;3 Gd Rue de Vaise, 69009 Lyon, France;06 95 38 27 38;Aucun site
cordonnerie Lyon;La Cordonnerie des Arcades;9 Rue Luizet, 69130 Écully, France;04 78 33 53 82;Aucun site
cordonnerie Lyon;Cordonnerie Jacques;16bis Rue Bara, 69003 Lyon, France;07 71 17 19 55;Aucun site
pressing Lyon;Express Pressing Lyon;21 Rue Mercière, 69002 Lyon, France;04 78 37 04 41;Aucun site
pressing Lyon;Pressing Félix Faure;46 Av. Félix Faure, 69003 Lyon, France;09 73 52 48 24;Aucun site
pressing Lyon;Jany Pressing;31 Rue Masséna, 69006 Lyon, France;04 78 94 92 56;Aucun site
pressing Lyon;Pressing Verlaine;Leclerc Hyper Lyon, 90 Av. Barthélémy Buyer, 69009 Lyon, France;09 88 09 94 69;Aucun site
pressing Lyon;Champ Pressing;54 Av. de Lanessan, 69410 Champagne-au-Mont-d'Or, France;04 78 66 26 05;Page Facebook/Instagram uniquement
pressing Lyon;Luxury pressing;25 Av. de la République, 69160 Tassin-la-Demi-Lune, France;04 82 91 26 65;Aucun site
pressing Lyon;Républic Pressing;3 Cr de la République, 69100 Villeurbanne, France;04 72 43 07 51;Aucun site
pressing Lyon;Aqua Pressing;17 Quai Arloing, 69009 Lyon, France;04 78 64 68 49;Aucun site
pressing Lyon;D.A.L. Dégraissage Automatique Lyonnais;2 Pl. Carnot, 69002 Lyon, France;04 78 42 29 52;Aucun site
pressing Lyon;Dry Clean Discount;70 Rue Paul Cazeneuve, 69008 Lyon, France;04 72 80 00 55;Aucun site
traiteur Lyon;Goute moi ca;6 Rue du Dr Horand, 69009 Lyon, France;06 59 18 02 86;Aucun site
fromagerie Lyon;Fromagerie Saint-Antoine;20 Quai Saint-Antoine, 69002 Lyon, France;09 81 03 04 81;Aucun site
fromagerie Lyon;The Art of Choice - Cheese Shop;53 Av. Jean Jaurès, 69007 Lyon, France;04 78 58 83 52;Aucun site
fromagerie Lyon;Fromagerie de la Plaine;97 Rue Commandant Charcot, 69110 Sainte-Foy-lès-Lyon, France;04 58 28 07 29;Aucun site
fromagerie Lyon;Au Buron Fromagerie;87 Rue de la Part-Dieu, 69003 Lyon, France;09 87 72 28 32;Aucun site
fromagerie Lyon;Madame & Monsieur Les Fromagers;69 Gd Rue de la Croix-Rousse, 69004 Lyon, France;09 82 49 61 11;Aucun site
fromagerie Lyon;Fromagerie D'Austerlitz;8 Rue d'Austerlitz, 69004 Lyon, France;04 78 39 98 84;Page Facebook/Instagram uniquement
cave a vin Lyon;L'Oenothèque de Lyon;3 Rue Marc Bloch, 69007 Lyon, France;04 72 53 96 81;Page Facebook/Instagram uniquement
cave a vin Lyon;Antic Wine;18 Rue du Bœuf, 69005 Lyon, France;04 78 37 08 96;Aucun site
cave a vin Lyon;Les Grandes Caves de Perrache;74 Rue de la Charité, 69002 Lyon, France;04 78 37 85 43;Page Facebook/Instagram uniquement
horlogerie Lyon;L’Atelier des Montres Lyon;165 Cr Lafayette, 69006 Lyon, France;04 78 52 31 45;Aucun site
horlogerie Lyon;ABP LYON CONCEPT HORLOGER;25 Rue des Remparts d'Ainay, 69002 Lyon, France;04 78 03 16 47;Aucun site
librairie Lyon;Ouvrir L'Oeil;18 Rue des Capucins, 69001 Lyon, France;04 78 27 69 29;Aucun site
librairie Lyon;Librairie Traits d'union;61 Rue des Girondins, 69007 Lyon, France;09 82 70 00 07;Aucun site
librairie Lyon;Librairie La Mécanique céleste;63 Av. du Point du Jour, 69005 Lyon, France;04 78 83 33 32;Aucun site
librairie Lyon;Librairie Adrienne;70 Rue de la Charité, 69002 Lyon, France;04 81 65 50 49;Page Facebook/Instagram uniquement
cabinet dentaire Lyon;Cabinet Dentaire Dr Perrelle Dr Marchand Dr Hauchard- Lyon 6eme;74 Rue Vauban, 69006 Lyon, France;04 78 52 59 77;Page Facebook/Instagram uniquement
cabinet dentaire Lyon;Dental Health Center Orthodontics;27 bis Cr de Verdun Récamier, 69002 Lyon, France;04 72 56 52 05;Aucun site
cabinet dentaire Lyon;Dental Health Center LYON 2nd;27 Cr de Verdun Récamier, 69002 Lyon, France;04 72 56 52 05;Aucun site
kinesitherapeute Lyon;Cabinet Kiné Cordeliers;1 Rue Ferrandière, 69002 Lyon, France;04 72 16 94 02;Aucun site
kinesitherapeute Lyon;Cabinet de kinésithérapie des Terreaux;1 Pl. des Terreaux, 69001 Lyon, France;04 87 77 69 26;Aucun site
kinesitherapeute Lyon;Kiné Santé Sport Confluence;73 Cr Charlemagne, 69002 Lyon, France;06 34 01 53 98;Aucun site
kinesitherapeute Lyon;Kiné Santé Croix Rousse : Erlé Cousseau, Inès Bonetto, Léa Collin, Thibault Bruand;138 Bd de la Croix-Rousse, 69001 Lyon, France;04 69 67 07 48;Aucun site
coach sportif Lyon;Coach Sportif Lyon - Nicolas De ieso;7 Rue des Marronniers, 69002 Lyon, France;06 12 37 49 13;Page Facebook/Instagram uniquement
coach sportif Lyon;KB Coaching - Coach sportif Lyon;76 Rue Marius Berliet, 69008 Lyon, France;06 40 67 56 77;Aucun site
institut de bien-etre Lyon;L'Adresse beauté et bien-être;6 Rue Molière, 69006 Lyon, France;06 20 76 60 96;Page Facebook/Instagram uniquement
institut de bien-etre Lyon;Body Beauty 69;292 Rue Vendôme, 69003 Lyon, France;07 63 87 27 97;Page Facebook/Instagram uniquement
institut de bien-etre Lyon;Juste pour moi - Massages & Bien-être;Rue Masaryk, 69009 Lyon, France;06 67 67 29 34;Page Facebook/Instagram uniquement